Series Name,Series Code,Country Name,Country Code,1990 [YR1990],2000 [YR2000],2011 [YR2011],2012 [YR2012],2013 [YR2013],2014 [YR2014],2015 [YR2015],2016 [YR2016],2017 [YR2017],2018 [YR2018],2019 [YR2019],2020 [YR2020]
Population growth (annual %),SP.POP.GROW,Afghanistan,AFG,4.47689650838849,2.97505284644171,3.14312590262153,3.40758697372751,3.49458904891961,3.35558166118149,3.07708359546317,2.77831740938728,2.54834664435549,2.38476110022344,2.31181721714573,..
Population growth (annual %),SP.POP.GROW,Albania,ALB,1.79908559333186,-0.637356833943492,-0.269017331764615,-0.165151040121679,-0.183211384606402,-0.207046999760594,-0.291205786840436,-0.159880412127734,-0.0919722937442495,-0.246732042281782,-0.426007367032238,..
Population growth (annual %),SP.POP.GROW,Algeria,DZA,2.56645657133517,1.35840780581394,1.88331383359771,1.95141520944077,2.00272783896316,2.03359245164506,2.04538724285729,2.05135458384022,2.0449525028769,2.00737383000812,1.93395019121501,..
Population growth (annual %),SP.POP.GROW,American Samoa,ASM,3.11690700845574,1.33713711153801,-0.572257860972145,-0.165132053391348,0.0826001124356282,0.139905317697601,0.0376333973958491,-0.127293769933909,-0.217311352480231,-0.279065761519574,-0.276230801135428,..
Population growth (annual %),SP.POP.GROW,Andorra,AND,3.85436230887431,1.57216555086599,-0.834745268940163,-1.58872960217896,-2.02579215804424,-1.95147048010444,-1.52905843773571,-0.91946973790053,-0.383673622609079,0.00649321134981403,0.176453843432831,..
Population growth (annual %),SP.POP.GROW,Angola,AGO,3.37848075385716,3.27720355508788,3.63415862558996,3.59777430762499,3.55195046716591,3.49749274416236,3.43885068439195,3.37827278015957,3.32208099815609,3.27613387502724,3.2429826028718,..
Population growth (annual %),SP.POP.GROW,Antigua and Barbuda,ATG,0.835104744110728,1.78118717946282,1.38200878529188,1.28687864245261,1.21700004179001,1.13648698752239,1.07883793719549,1.02184383470454,0.946557003363731,0.897185120114641,0.860380480678118,..
Population growth (annual %),SP.POP.GROW,Argentina,ARG,1.45298327770338,1.10058372499365,1.15305928006386,1.13690569378967,1.11910919999772,1.09946109101836,1.07800134449604,1.05718157762752,1.03713389686514,1.01580834908002,0.993397493293046,..
Population growth (annual %),SP.POP.GROW,Armenia,ARM,0.0479741395518128,-0.63102079888531,-0.0271470078174168,0.267013214368239,0.46196664441067,0.510122729556191,0.450500902714805,0.361431439301066,0.294612227638995,0.236306378760517,0.201539722879792,..
Population growth (annual %),SP.POP.GROW,Aruba,ABW,1.81364109347592,2.0550267831539,0.370125351972654,0.502430115702537,0.582349411407937,0.594397037400125,0.544892394001668,0.507617729505083,0.469944452626446,0.453575638777095,0.442121959444383,..
Population growth (annual %),SP.POP.GROW,Australia,AUS,1.47997801595662,1.19227232344832,1.38952731561803,1.74582000067359,1.721151439989,1.49156648912847,1.43921665259925,1.56194049810399,1.68452310845434,1.53610551570388,1.51598445404769,..
Population growth (annual %),SP.POP.GROW,Austria,AUT,0.762001611316115,0.240466652446524,0.337080841831645,0.45593747231891,0.589387254692989,0.781541632525841,1.12099250236958,1.08139629872802,0.694621103604983,0.487071924768999,0.412539808816785,..
Population growth (annual %),SP.POP.GROW,Azerbaijan,AZE,0.44966151012017,0.821519963674211,1.30300085487651,1.32876382733755,1.29344702700591,1.24820899735588,1.19120985807018,1.11785721013911,0.98126180450475,0.866316916370841,0.837019639355119,..
Population growth (annual %),SP.POP.GROW,"Bahamas, The",BHS,1.76791570378256,1.34739833426183,1.29739447507203,1.10820163382277,0.980915204474408,0.939284569983027,0.959409323851355,0.990519135690286,1.0083119078241,1.01095334432863,0.991335935305563,..
Population growth (annual %),SP.POP.GROW,Bahrain,BHR,3.03886772135516,4.31530764013975,2.96098147299132,1.6905915011958,1.15383012661239,1.58774926448436,2.6424711559791,3.85658246125791,4.67798695074415,4.92116137205662,4.46923900893373,..
Population growth (annual %),SP.POP.GROW,Bangladesh,BGD,2.42959901887237,1.95238739042337,1.14426212709209,1.15494812990907,1.1567134531016,1.14259465675468,1.11728356461223,1.0913004822347,1.0702440222443,1.05004464945676,1.0420011284052,..
Population growth (annual %),SP.POP.GROW,Barbados,BRB,0.375893380305817,0.392645061489077,0.302945811200443,0.251638162243638,0.209860709842868,0.18590076709451,0.175042007408615,0.165289293829959,0.152789486202053,0.142439722865012,0.133875829263984,..
Population growth (annual %),SP.POP.GROW,Belarus,BLR,0.186649693167965,-0.471131334643547,-0.18362402269138,-0.0916374821376228,0.0158685786206804,0.0899025577714443,0.159300801922472,0.125511109801562,-0.0344214189254713,-0.155570407004577,-0.175648469687962,..
Population growth (annual %),SP.POP.GROW,Belgium,BEL,0.298235706313592,0.242517956221334,1.3010029017038,0.620163579337378,0.471340143966627,0.44392928847521,0.579446241677791,0.506300002451376,0.385228018372369,0.455184695275022,0.497584971619203,..
Population growth (annual %),SP.POP.GROW,Belize,BLZ,2.20104244006121,3.42494862967684,2.38190764115631,2.32353169734636,2.2568840725968,2.18896107857055,2.11879985453329,2.04769588411266,1.9805288509134,1.92457576999509,1.88311073570597,..
Population growth (annual %),SP.POP.GROW,Benin,BEN,3.23505898317491,2.98399477560651,2.80371797256655,2.79764894105054,2.7907181308402,2.78218150622205,2.77171416813917,2.76140949283081,2.75005559171415,2.73486201301479,2.71510535908362,..
Population growth (annual %),SP.POP.GROW,Bermuda,BMU,0.824255196206725,0.894182915884811,-0.8598980406609,0.362431076141512,0.313281274113408,0.210765988215567,0.151985016426637,-1.0469518831338,-1.05493075564644,0.0735835172921417,-0.00312891113892766,..
Population growth (annual %),SP.POP.GROW,Bhutan,BTN,1.63823972454919,2.24835846469848,1.13070458298015,1.18792892435323,1.22609146984808,1.23391155085832,1.21914633778051,1.20622662373157,1.19533737394963,1.17684339517943,1.14638227394932,..
Population growth (annual %),SP.POP.GROW,Bolivia,BOL,2.11589602696334,1.93343126038957,1.62245883675043,1.60000460476018,1.57459840833799,1.54496768300047,1.51292403348284,1.4801327840246,1.4492349296925,1.42189948560338,1.39909836758217,..
Population growth (annual %),SP.POP.GROW,Bosnia and Herzegovina,BIH,-0.989859325944829,0.208738982702463,-1.20265119026615,-1.54701304264303,-1.74516714883322,-1.7225623436149,-1.52627623457333,-1.26458117389827,-1.03120718295496,-0.826854592009436,-0.692206408656095,..
Population growth (annual %),SP.POP.GROW,Botswana,BWA,3.34033362763288,2.03289643567251,1.41398735663603,1.19110063692716,1.12066080280434,1.25643944756989,1.52530794175403,1.83285279210013,2.0703261666536,2.197675757572,2.1752909092404,..
Population growth (annual %),SP.POP.GROW,Brazil,BRA,1.81151817880662,1.42416743408748,0.915962656318059,0.893531057922595,0.873603191241425,0.855792022891126,0.838848282593092,0.823748231993439,0.807147162261819,0.783847578971981,0.75154842651724,..
Population growth (annual %),SP.POP.GROW,British Virgin Islands,VGB,3.65095423665702,1.41311819237375,1.8712787403227,1.16204856931316,0.685255825124511,0.491044627328764,0.560707339226674,0.693936843860153,0.753414274486463,0.757847309225455,0.762137664197041,..
Population growth (annual %),SP.POP.GROW,Brunei Darussalam,BRN,2.84742834216186,2.10965170023154,1.28898138374766,1.33751301633227,1.35225669939187,1.31371717050944,1.24608124452682,1.17240086547234,1.10699921017513,1.05199374278845,1.00273731829347,..
Population growth (annual %),SP.POP.GROW,Bulgaria,BGR,-1.80375047906806,-0.493896416633318,-0.641228920515067,-0.579220596364389,-0.559647217410859,-0.568389264052903,-0.638069468160719,-0.701382097841331,-0.730443175298289,-0.722080405222853,-0.703905641117455,..
Population growth (annual %),SP.POP.GROW,Burkina Faso,BFA,2.6591515773542,2.84188512544412,3.00898185476176,2.9973924775883,2.98160647500592,2.96190081353413,2.9394629768943,2.91531907101852,2.89085080621834,2.86707836702633,2.84422255256232,..
Population growth (annual %),SP.POP.GROW,Burundi,BDI,2.45476090874136,1.76735652215339,3.20775911368308,3.15974183319329,3.13340507957466,3.13685242336121,3.15690921658653,3.17701608653719,3.18136752395714,3.16677344240935,3.12896711408085,..
Population growth (annual %),SP.POP.GROW,Cabo Verde,CPV,2.02389408425925,1.82320283994036,1.25103748607776,1.2706190619082,1.28086488055888,1.26620961111184,1.24142064396034,1.21283174421296,1.188624222256,1.15976676910969,1.12792431423236,..
Population growth (annual %),SP.POP.GROW,Cambodia,KHM,3.21830129907233,2.23605013353484,1.58881764258388,1.63042969665789,1.64984965044711,1.63808389652984,1.60370685445754,1.56522705123264,1.53026174547268,1.49035537141766,1.44639338013252,..
Population growth (annual %),SP.POP.GROW,Cameroon,CMR,3.05366922734741,2.62109932792552,2.74043566616731,2.7312639677483,2.71824428512191,2.70155571704048,2.68179172973963,2.66049460889168,2.63769436262766,2.61229075104427,2.58424710709784,..
Population growth (annual %),SP.POP.GROW,Canada,CAN,1.50766067284807,0.931281553452429,0.978697786570341,1.08581726304756,1.05659125917789,1.00533757867378,0.746339477969813,1.13234865466606,1.19428049219424,1.39794779099322,1.42405130729193,..
Population growth (annual %),SP.POP.GROW,Cayman Islands,CYM,5.16010801212002,4.55332935477277,2.10570853156754,1.84879790870642,1.6385260177735,1.51683650050062,1.42938830230545,1.35971135735509,1.29099616781982,1.2418234783193,1.19888054809676,..
Population growth (annual %),SP.POP.GROW,Central African Republic,CAF,2.1973095315302,2.28984584302171,0.723831391239342,0.4015566683962,0.259489943235955,0.364290952465212,0.647403918742867,0.985894485598455,1.27750413591005,1.51905153699811,1.67474521186478,..
Population growth (annual %),SP.POP.GROW,Chad,TCD,3.22647439233565,3.68271858202912,3.36354578351995,3.37075893772769,3.35098521395438,3.29694554087429,3.22205014713465,3.14395958930813,3.07753170826125,3.02357969868233,2.98593746093303,..
Population growth (annual %),SP.POP.GROW,Channel Islands,CHI,0.783606870054493,0.600005854127661,0.788201079993144,0.655001196444875,0.604134795930895,0.649269562523111,0.780009114281763,0.925653900450638,1.03818709042402,1.0814932456123,1.02697265622261,..
Population growth (annual %),SP.POP.GROW,Chile,CHL,1.6395147692577,1.17721142767665,0.997439115198244,0.963057456532428,0.978852117140791,1.06114512594635,1.17775747141868,1.32520160643522,1.42518504417829,1.39101054110467,1.18298043072933,..
Population growth (annual %),SP.POP.GROW,China,CHN,1.46730321087928,0.787956592953992,0.47915045424996,0.487231117971201,0.49370963351136,0.506311591779847,0.508136747291937,0.541478512050099,0.559121331017265,0.455899678672578,0.357291063115687,..
Population growth (annual %),SP.POP.GROW,Colombia,COL,1.96794438406062,1.60375190216718,0.968365031109833,0.900335047336095,0.906920982436048,1.0104897504141,1.1704451989867,1.3676499516175,1.51374743470421,1.52423594388212,1.35678804331132,..
Population growth (annual %),SP.POP.GROW,Comoros,COM,2.94933029459299,2.52234002212069,2.41757407753107,2.41923378155298,2.40687049288214,2.38335747766567,2.34704106592402,2.31006015456056,2.27411874422507,2.23917061120128,2.20587743735692,..
Population growth (annual %),SP.POP.GROW,"Congo, Dem. Rep.",COD,3.37080129878057,2.55043633649335,3.33767742162032,3.33756477585786,3.33136295215193,3.31967666506265,3.30283220957388,3.2829146280863,3.25850835081213,3.22669890036105,3.18708630238904,..
Population growth (annual %),SP.POP.GROW,"Congo, Rep.",COG,2.73446397092688,2.88635837234346,2.79448194095141,2.59090193632914,2.46510906481903,2.44063895825017,2.48360817719048,2.53958563357028,2.57062991427374,2.58170130027223,2.5629008034182,..
Population growth (annual %),SP.POP.GROW,Costa Rica,CRI,2.61184628886813,1.96091760370543,1.20968236400613,1.17828835259712,1.14754994327846,1.11747392449788,1.08695279543583,1.05757038052655,1.02767608960277,0.99478225758881,0.957905013850413,..
Population growth (annual %),SP.POP.GROW,Cote d'Ivoire,CIV,3.60667530368794,2.59867406718116,2.38551185504173,2.43592893802292,2.47667432215945,2.5045486872559,2.52209468070187,2.53609976063172,2.54780738985139,2.55235886056005,2.54933623927928,..
Population growth (annual %),SP.POP.GROW,Croatia,HRV,0.211805086145315,-0.986434858645568,-0.345264228485821,-0.305655944795909,-0.278509062850129,-0.407343184777633,-0.824099163913538,-0.69838345731273,-1.20061016480925,-0.893486927711056,-0.49888869647906,..
Population growth (annual %),SP.POP.GROW,Cuba,CUB,0.881624408389356,0.376028645193923,0.0964986076887392,0.181659230180108,0.227322222587879,0.214098396486186,0.157999771554047,0.0911566712386982,0.036605210309197,-0.00988649624040443,-0.041064554364363,..
Population growth (annual %),SP.POP.GROW,Curacao,CUW,-1.05153583877637,-4.07538613162288,1.42089766276671,0.829929595036991,1.13367890654299,1.34764139563651,1.31959390251523,1.06031644056836,0.319536038312865,-0.234393419291099,-1.42563343261042,..
Population growth (annual %),SP.POP.GROW,Cyprus,CYP,2.05164866456308,1.8449855080021,1.09241760447132,0.903859855349229,0.774057448341904,0.733317427984668,0.752185522592108,0.789478236253939,0.807965016101293,0.809225398288843,0.779788191505342,..
Population growth (annual %),SP.POP.GROW,Czech Republic,CZE,-0.267830773210837,-0.280414108078884,0.206747667335417,0.139925655740972,0.0331699460503076,0.105277581527518,0.196588748472653,0.192048415842684,0.265642663548985,0.334427262299794,0.37353731667249,..
Population growth (annual %),SP.POP.GROW,Denmark,DNK,0.162456320242469,0.334233618829261,0.411737855195019,0.376272242619955,0.416901360752097,0.507053283010163,0.706423849687002,0.780392644135167,0.643350903737356,0.495838925879129,0.429153163832595,..
Population growth (annual %),SP.POP.GROW,Djibouti,DJI,4.59837980780226,2.48453938320589,1.59118095420693,1.67989965257575,1.73085844776799,1.72878548886057,1.68780890005577,1.64063785072582,1.59996238151791,1.5578736070438,1.51518050206022,..
Population growth (annual %),SP.POP.GROW,Dominica,DMA,-0.430772512927054,-0.26526165319198,0.0535988841696068,0.0690719715087032,0.0718406014797147,0.0971140321642927,0.13776817766526,0.174047345501049,0.211536519885842,0.233431051672096,0.255171542527292,..
Population growth (annual %),SP.POP.GROW,Dominican Republic,DOM,1.91927672258482,1.52296747260303,1.21066679019397,1.1922778865585,1.17436864265973,1.15720555233927,1.1395712804884,1.12250925652118,1.10362839144472,1.07884114802307,1.04646051306009,..
Population growth (annual %),SP.POP.GROW,Ecuador,ECU,2.36441135633728,1.90274208191223,1.53872478994252,1.4989479976467,1.49688622256213,1.54374076681472,1.61788847178684,1.70688086036312,1.76853864758869,1.76561120074764,1.6792131785026,..
Population growth (annual %),SP.POP.GROW,"Egypt, Arab Rep.",EGY,2.42664568808605,1.93038262324663,2.11378528779055,2.21474217819532,2.26794068600828,2.25924945014943,2.20703865785673,2.14522549036526,2.09083471976459,2.03326217641077,1.97628434808829,..
Population growth (annual %),SP.POP.GROW,El Salvador,SLV,1.32709648358377,0.734526453073739,0.430725951435546,0.439491726841699,0.450208945928956,0.46266370188661,0.475363827681707,0.489210768357071,0.501858163165851,0.509367035813322,0.509683301933842,..
Population growth (annual %),SP.POP.GROW,Equatorial Guinea,GNQ,3.04404182668269,4.11034407211008,4.4777414419273,4.39486317198268,4.29197721835041,4.17245490625393,4.0420301414799,3.91123234744071,3.78071654676193,3.6545067728316,3.528524074108,..
Population growth (annual %),SP.POP.GROW,Eritrea,ERI,1.22555040840026,2.42895710908588,1.3638752942267,..,..,..,..,..,..,..,..,..
Population growth (annual %),SP.POP.GROW,Estonia,EST,0.0664901906843683,0.483707161729931,-0.303582823643979,-0.357944411443807,-0.355891802625531,-0.262256175097854,0.0655525295417938,0.0291122255540077,0.121070631466687,0.348039137980543,0.348339661751493,..
Population growth (annual %),SP.POP.GROW,Eswatini,SWZ,2.95074794176333,1.13297100018177,0.673417714475634,0.67456515205725,0.697191862373575,0.750005807309634,0.820626096641609,0.896297661168183,0.962067725012171,1.01179839738944,1.04530919354082,..
Population growth (annual %),SP.POP.GROW,Ethiopia,ETH,3.43186437219509,2.88267254878244,2.81261034549877,2.82961721422517,2.82701836060576,2.79992186176293,2.75612778784043,2.70810630355162,2.66346797807375,2.62001348207265,2.57956334803926,..
Population growth (annual %),SP.POP.GROW,Faroe Islands,FRO,0.228716745193171,0.641832815875748,0.0188211675953241,0.0418121386728431,0.102365914824956,0.14188543047163,0.1895616694955,0.253575127560721,0.327447859520313,0.342876363511462,0.372524228078936,..
Population growth (annual %),SP.POP.GROW,Fiji,FJI,0.547632852141139,0.581584997823587,0.421409494112472,0.187443865129006,0.0622877657040182,0.0975716290636655,0.250593763708473,0.43330839422274,0.578334253807858,0.684181932039617,0.729660242086809,..
Population growth (annual %),SP.POP.GROW,Finland,FIN,0.443382073914297,0.2076065154133,0.463558707499131,0.475809486683209,0.460723772785295,0.413560207519414,0.329383885818507,0.287421401687637,0.234670531705453,0.132641040791912,0.0867899631484352,..
Population growth (annual %),SP.POP.GROW,France,FRA,0.50868659382548,0.684929253818552,0.483658695308374,0.484005119770168,0.514784474469256,0.473703877476612,0.355569240058298,0.263868788565368,0.210010696141084,0.151733988951895,0.140234217742883,..
Population growth (annual %),SP.POP.GROW,French Polynesia,PYF,2.11265317095242,1.8725371891673,0.465410563522679,0.484446518124601,0.49320918927644,0.508088239023068,0.52089856029638,0.529854315848876,0.554953683106407,0.569178577392632,0.577415665471892,..
Population growth (annual %),SP.POP.GROW,Gabon,GAB,2.75236397858299,2.41487017916787,3.6570478208309,3.78851340089213,3.77918069119527,3.60651493569597,3.33509878560114,3.04339515547628,2.79685556362484,2.60295406093609,2.48408920696695,..
Population growth (annual %),SP.POP.GROW,"Gambia, The",GMB,4.27142765366389,3.12723472811984,3.01840128629255,3.03042673297424,3.03482675884661,3.02604517693881,3.00847380343068,2.98860565833539,2.96856591791365,2.94672228129321,2.92185023710734,..
Population growth (annual %),SP.POP.GROW,Georgia,GEO,-0.0270683894920024,-1.9446291567975,-0.802164039694326,-0.736565518814038,-0.300972141406188,0.0469539002549217,0.157481405176007,0.0598165991047394,0.0133860746662629,-0.0390365463489613,-0.165625313562404,..
Population growth (annual %),SP.POP.GROW,Germany,DEU,0.861969448764933,0.135431600393084,-1.8537146287573,0.187727800567293,0.272900214681538,0.416877359168292,0.865702643950251,0.807218538573871,0.373724559895838,0.300526701992065,0.273451073953555,..
Population growth (annual %),SP.POP.GROW,Ghana,GHA,2.88323959487959,2.44949038579631,2.42436978794571,2.36947531113389,2.32385159890097,2.29178069316277,2.26881454933197,2.24659926762795,2.22053243013657,2.19282883696746,2.16257788677108,..
Population growth (annual %),SP.POP.GROW,Gibraltar,GIB,-0.137141311308141,1.77909442012741,0.0803607347143847,0.101103223099699,0.136624215614856,0.0978981640702334,0.0326114350439057,0.00296414862262541,-0.0266805011587876,-0.0296533525287643,-0.0504308885041264,..
Population growth (annual %),SP.POP.GROW,Greece,GRC,1.05780801198192,0.409041838238246,-0.147951277402184,-0.540752950543684,-0.725120806658085,-0.666113290031891,-0.658861360878339,-0.415913028277122,-0.197783224759792,-0.202880238259165,-0.154411355221523,..
Population growth (annual %),SP.POP.GROW,Greenland,GRL,0.54102927282477,0.178094437099469,-0.0263631971297131,-0.14072121935205,-0.577265864735276,-0.333398666658893,-0.322038549275343,0.128227978389047,-0.0249203440297217,-0.265609140509557,0.359917714454119,..
Population growth (annual %),SP.POP.GROW,Grenada,GRD,-0.613698855046843,0.390714939354079,0.528567763802517,0.606792313737472,0.671566786363768,0.674433160098429,0.637985514151659,0.602203220786764,0.554413883077672,0.521752829835629,0.491370692894964,..
Population growth (annual %),SP.POP.GROW,Guam,GUM,2.29463874816865,0.889808704567755,0.15541966429416,0.190185488120902,0.256552045661172,0.378940355076308,0.518477695295947,0.676102623487922,0.812883412154521,0.901084421670108,0.916352317700628,..
Population growth (annual %),SP.POP.GROW,Guatemala,GTM,2.7344725274704,2.43394364463754,1.81948775605672,1.77749578673149,1.75716769812924,1.72875760277972,1.69146509302391,1.65807331834237,1.62765379973835,1.60038598150372,1.56038604781094,..
Population growth (annual %),SP.POP.GROW,Guinea,GIN,2.95247599422329,2.28278217590536,2.21518697126214,2.19781536022374,2.23525481125818,2.34241788318246,2.48970209028172,2.64448734263112,2.76501086533523,2.83313635348047,2.83457538168629,..
Population growth (annual %),SP.POP.GROW,Guinea-Bissau,GNB,2.22616060514605,2.03250141765766,2.61812705482067,2.65106587175781,2.66076935465824,2.64523178650368,2.61050891599343,2.57057561074146,2.5320809488394,2.49377196123486,2.45652209459577,..
Population growth (annual %),SP.POP.GROW,Guyana,GUY,-0.305730531903016,-0.395485913995215,0.345263366270006,0.447252917629778,0.513111451099903,0.537874039614383,0.529393480499987,0.51130929085933,0.498518089665929,0.486803065283861,0.481762010560315,..
Population growth (annual %),SP.POP.GROW,Haiti,HTI,2.01162493642376,1.72500471849999,1.5062698368329,1.48013266622322,1.45020824162254,1.41613114730187,1.37951920720452,1.34132093428441,1.30506670841384,1.2739963989891,1.24989940326034,..
Population growth (annual %),SP.POP.GROW,Honduras,HND,2.87841628580054,2.73471634651249,1.94314519809288,1.86929824379403,1.81010827074648,1.7694167483402,1.74149412095733,1.71763885480619,1.6922288789459,1.66710361374407,1.64064879291134,..
Population growth (annual %),SP.POP.GROW,"Hong Kong SAR, China",HKG,0.321315033221987,0.881594075853745,0.672543291818633,1.1039579972368,0.401982535858444,0.702370950536049,0.851197911086988,0.619366345332479,0.748222904999017,0.799050247136158,0.754094920172569,..
Population growth (annual %),SP.POP.GROW,Hungary,HUN,-1.03311729690015,-0.259764908288633,-0.283360435946948,-0.516437606548041,-0.27536875707442,-0.269378767165116,-0.237855001984657,-0.295110604845478,-0.265860932255517,-0.126786951652838,-0.0574556437016089,..
Population growth (annual %),SP.POP.GROW,Iceland,ISL,0.777662198585402,1.36919283329812,0.305468368224399,0.532100734916982,0.945885900369151,1.11250475522796,1.04194038662969,1.38808149583838,2.34558267643862,2.67814276922904,2.40672425296975,..
Population growth (annual %),SP.POP.GROW,India,IND,2.07608873858776,1.76812541234731,1.28857558007871,1.23162292802113,1.18301607012995,1.14562398784018,1.11663309126289,1.08988008026408,1.06259739387194,1.03732336037888,1.01510602753472,..
Population growth (annual %),SP.POP.GROW,Indonesia,IDN,1.78205553582512,1.37990952810109,1.34799788882488,1.35189219176242,1.34092160105636,1.31087690469036,1.26746557729354,1.21976561612446,1.17510259151073,1.1337698607638,1.10058458685211,..
Population growth (annual %),SP.POP.GROW,"Iran, Islamic Rep.",IRN,2.77783617094208,1.26132323415856,1.17582465825742,1.20515138866497,1.23941833192254,1.27812681647915,1.31635059760197,1.3562482442792,1.38538047257533,1.38647970473313,1.35222602321056,..
Population growth (annual %),SP.POP.GROW,Iraq,IRQ,2.46519282235159,3.00465917329588,3.2527038113747,3.72064065173913,3.89625377465149,3.71485531320619,3.31622319058065,2.8772541284018,2.54087466933843,2.3184640284933,2.25413421903288,..
Population growth (annual %),SP.POP.GROW,Ireland,IRL,0.0844130206737995,1.33304266586712,0.436072439258428,0.4237438032978,0.526556158855653,0.731001376585771,0.944845307474728,1.12883406399428,1.08867556062,1.23887545258946,1.51149403751316,..
Population growth (annual %),SP.POP.GROW,Isle of Man,IMN,1.47747466048146,1.22923962858123,0.0341693033375921,-0.416718916808586,-0.661094693602442,-0.582813477917866,-0.304699075724299,0.0636556371744733,0.372712179069005,0.571344926815681,0.601207780255882,..
Population growth (annual %),SP.POP.GROW,Israel,ISR,3.09460300917429,2.64233191305756,1.84807786159597,1.84615132126711,1.86605289478673,1.91954379859591,1.98128897562083,1.9603489624817,1.93872567441099,1.92662286520241,1.90125095125148,..
Population growth (annual %),SP.POP.GROW,Italy,ITA,0.0837085729587984,0.045303631138613,0.171978290995717,0.269541239520996,1.1592511168095,0.917504095962437,-0.0963761331392095,-0.169884073301448,-0.14986111697397,-0.190063640113791,-0.206038624053582,..
Population growth (annual %),SP.POP.GROW,Jamaica,JAM,0.681766635613047,0.833159109994745,0.548898908104943,0.571731466422998,0.581564955835258,0.572985315897997,0.550974945202049,0.524973438240183,0.501623559541488,0.478235140362221,0.456356197137556,..
Population growth (annual %),SP.POP.GROW,Japan,JPN,0.341370596619248,0.167275578113187,-0.185226486410846,-0.159710675844347,-0.144271883387076,-0.132694222147042,-0.106124993746747,-0.115284177050088,-0.164484036370785,-0.202670345017896,-0.208999472902293,..
Population growth (annual %),SP.POP.GROW,Jordan,JOR,4.78353186979598,1.78710136274407,5.38288571321439,5.43158656789969,5.17291227472769,4.58358044494972,3.81124000428512,3.02809153676581,2.35601648832196,1.79215692220237,1.4526643189474,..
Population growth (annual %),SP.POP.GROW,Kazakhstan,KAZ,0.60434266304362,-0.300549816049332,1.43150640921021,1.40867697150121,1.4394454413556,1.47267674313494,1.46148468519161,1.42204614032925,1.36038126908993,1.31477741000475,1.29074221770545,..
Population growth (annual %),SP.POP.GROW,Kenya,KEN,3.38434599663407,2.74598446736801,2.69373257244067,2.66270485977409,2.61852443669926,2.55944064959946,2.49193687127904,2.42114319740052,2.35681257338264,2.30594867522983,2.27190164034829,..
Population growth (annual %),SP.POP.GROW,Kiribati,KIR,2.1598991173297,1.70168056299824,1.73465137856516,1.55570693857756,1.41886072996753,1.38164301301038,1.39707520572158,1.42671604749201,1.44169215184301,1.46869012445746,1.50696995827,..
Population growth (annual %),SP.POP.GROW,"Korea, Dem. People’s Rep.",PRK,1.4858685213596,0.865491997541341,0.506069264182711,0.514319796946022,0.518158545972468,0.51333249899818,0.501900028308195,0.490819483634355,0.481855372441113,0.470124289654097,0.454319921690691,..
Population growth (annual %),SP.POP.GROW,"Korea, Rep.",KOR,0.985130494218767,0.836180864297766,0.768971758582589,0.525713660600414,0.455218622164662,0.628149861433639,0.527288497407793,0.396851823381145,0.280968018301691,0.475334410431755,0.198353208370259,..
Population growth (annual %),SP.POP.GROW,Kosovo,XKX,1.89759014590056,-3.58212764518173,0.859067492317545,0.895254757473813,0.607467946683114,-0.294473630866066,-1.3649323381159,-0.596734073866868,0.753584842739213,0.33901096210321,-0.157991508452547,..
Population growth (annual %),SP.POP.GROW,Kuwait,KWT,0.122584821281602,4.67899391929278,5.72161238595938,5.54984859823284,5.16528155565224,4.56107243865214,3.84420907638658,3.11310424602455,2.47671019587745,1.98246273293473,1.67232318324502,..
Population growth (annual %),SP.POP.GROW,Kyrgyz Republic,KGZ,1.92448488335946,1.19112592398474,1.21689072909974,1.66523655939962,1.98473866725772,2.0061078993716,2.05902596620676,2.0372244221997,1.93364715643057,1.99032207024617,2.09871784350026,..
Population growth (annual %),SP.POP.GROW,Lao PDR,LAO,2.84936470859782,1.67356145959765,1.56237350547009,1.51601191064093,1.49048249889457,1.49386818521124,1.51573944847684,1.54094346574822,1.55362099351173,1.54802299147207,1.5171155747641,..
Population growth (annual %),SP.POP.GROW,Latvia,LVA,-0.142736397581795,-0.963935407092365,-1.82076700208005,-1.24035915329271,-1.07103480329077,-0.941743354234222,-0.818626340945853,-0.913885332226604,-0.886215573292392,-0.779138396192231,-0.749229473885315,..
Population growth (annual %),SP.POP.GROW,Lebanon,LBN,2.77092406197085,2.50356134154879,4.9103331732675,6.26387989274438,6.56795210317453,5.71376740598832,4.22518713646867,2.69490346984806,1.49011179430801,0.542458659560969,0.0990613623664896,..
Population growth (annual %),SP.POP.GROW,Lesotho,LSO,2.20665213738477,0.645178652252755,0.410365413522061,0.557534245861524,0.669173754031429,0.732722394020671,0.759743303173462,0.773100849082541,0.787780033893684,0.796281136528556,0.80956647567982,..
Population growth (annual %),SP.POP.GROW,Liberia,LBR,-1.45944709492845,5.36319924383408,3.18879475944838,2.90010563976271,2.68802190855484,2.58316127213526,2.5528646851682,2.52928313182972,2.48564419709564,2.45252259258425,2.42719460419122,..
Population growth (annual %),SP.POP.GROW,Libya,LBY,2.45795891564602,1.54162185241641,0.799933426460222,0.61135468912472,0.549084367797162,0.657259874828188,0.88070131025066,1.14402890002729,1.35488584854417,1.47586738980959,1.46977765305762,..
Population growth (annual %),SP.POP.GROW,Liechtenstein,LIE,1.18803591683982,1.2584885517601,0.827262731069455,0.883310730332751,0.867454351064779,0.779431376924594,0.661376301266921,0.500480226864086,0.37636875513052,0.290582690270153,0.287110523979341,..
Population growth (annual %),SP.POP.GROW,Lithuania,LTU,0.367999030323355,-0.703385440488978,-2.25846389882827,-1.34120198821595,-1.01200736818103,-0.859827343070249,-0.940753796646208,-1.27069453298857,-1.39832220092102,-0.954190459209969,-0.526056405820061,..
Population growth (annual %),SP.POP.GROW,Luxembourg,LUX,1.25174570700817,1.34408299573143,2.22266050326725,2.40154189982875,2.31117625275217,2.35697870484045,2.35995118136865,2.15531198799205,2.43097641776115,1.92883751398765,1.9459080290974,..
Population growth (annual %),SP.POP.GROW,"Macao SAR, China",MAC,3.25927361090947,2.2216439076662,2.31643219488516,2.36935355636361,2.33633747638639,2.19882443367699,1.99236142107056,1.76987320822609,1.57828017648679,1.44331136552005,1.38499683787543,..
Population growth (annual %),SP.POP.GROW,Madagascar,MDG,2.88620025751485,3.11970869595064,2.76188958903235,2.73396791894471,2.71321241959968,2.70099601097503,2.69421338218148,2.68818381201029,2.67988323936388,2.6696132402134,2.65624016241262,..
Population growth (annual %),SP.POP.GROW,Malawi,MWI,3.56018896611034,2.67647598836823,2.86443523100147,2.85869211286655,2.83841761503587,2.80309477008311,2.75946170038592,2.70990355147984,2.66661638772471,2.64191728771031,2.64037519341292,..
Population growth (annual %),SP.POP.GROW,Malaysia,MYS,2.81728483055277,2.3246169412232,1.55799095010375,1.44566067334625,1.3691137131951,1.34049065916108,1.34494767739689,1.3578645165386,1.36019298084803,1.35251165124592,1.32706064876164,..
Population growth (annual %),SP.POP.GROW,Maldives,MDV,3.02433050052734,2.12369513190939,3.95667433955291,4.30600432861503,4.51733360677578,4.56740972879459,4.47300750595921,4.4283632941825,4.29918610769942,3.81313622480854,2.91560605041598,..
Population growth (annual %),SP.POP.GROW,Mali,MLI,1.82723864951672,2.81183603168724,3.04459357297442,2.95256521897336,2.90106215429596,2.90192170501969,2.93599204683621,2.97529528280165,2.99911536700425,3.00791357916659,2.99663676010293,..
Population growth (annual %),SP.POP.GROW,Malta,MLT,0.978313699279678,0.645267230900854,0.423700885195294,0.899209211902256,1.4040502758129,1.9967544083193,2.38639536345808,2.28861544064371,2.73866285589301,3.49195540302534,3.65143580077893,..
Population growth (annual %),SP.POP.GROW,Marshall Islands,MHL,3.11763226226687,0.652330928722572,0.292302040763975,0.328482917573052,0.38889671116062,0.422374156850284,0.45368170088211,0.514006028614916,0.557893547568377,0.60959569220907,0.645031416343302,..
Population growth (annual %),SP.POP.GROW,Mauritania,MRT,2.61189153391618,2.64409051569092,2.94551992533814,2.95443846410555,2.94915823912663,2.92732033171414,2.89357407247678,2.85611024246197,2.81899978265231,2.78043440578277,2.7412802727648,..
Population growth (annual %),SP.POP.GROW,Mauritius,MUS,0.712313471132199,0.982676166064297,0.160140420765724,0.277321025514609,0.220398691741504,0.181061469451535,0.132433082605329,0.0687231379365168,0.0901868114668421,0.0545472669534157,0.0322400432027594,..
Population growth (annual %),SP.POP.GROW,Mexico,MEX,1.89312547323698,1.4410874716918,1.39479253855144,1.3552892520419,1.31556098414421,1.27767636349717,1.24117772471849,1.20325132906034,1.16396777921201,1.12642114890216,1.09136213246927,..
Population growth (annual %),SP.POP.GROW,"Micronesia, Fed. Sts.",FSM,2.35777214932985,-0.352258674621524,0.522386716211718,1.01560818330053,1.34962510854665,1.42476586685365,1.33957194240116,1.20488884057292,1.12238066643832,1.05400821370478,1.03774307896197,..
Population growth (annual %),SP.POP.GROW,Moldova,MDA,0.406673094923302,-0.203364952540417,-0.0578188266371312,-0.0131135135644405,-0.0267918821500678,-0.0609555340918141,-0.787848361701053,-1.148202157971,-1.69193257910835,-1.79851537396441,-1.80522553770811,..
Population growth (annual %),SP.POP.GROW,Monaco,MCO,0.452820684200241,0.94701525062047,1.15027232878459,1.20303862512465,1.20228816997615,1.13443141610015,1.05544689788934,0.928913630423242,0.842253416153839,0.752527100059372,0.726376735217096,..
Population growth (annual %),SP.POP.GROW,Mongolia,MNG,1.99463002397745,0.887923090986768,1.83843532983629,1.9423812667961,2.00105126209675,2.00339924996731,1.96455045446442,1.91325183123449,1.86127628528313,1.796009979898,1.71875309742159,..
Population growth (annual %),SP.POP.GROW,Montenegro,MNE,-0.0328127540676757,-0.0279740186992493,0.10504177223011,0.0841474080023094,0.097599636675676,0.0970220113323688,0.0561107244885728,0.0231425307711559,0.011247907097728,-0.0234613531527775,-0.0144652208127193,..
Population growth (annual %),SP.POP.GROW,Morocco,MAR,1.83819123490107,1.18141040978911,1.34653670901257,1.3936059661851,1.41523283877928,1.40384504734937,1.36883844699016,1.32597922024303,1.28700265524563,1.25079496436022,1.22105092988365,..
Population growth (annual %),SP.POP.GROW,Mozambique,MOZ,1.40617465833429,2.67630952899375,2.74923394924768,2.75311635802876,2.76903968368599,2.7985685320841,2.8348607835446,2.87212045581116,2.90062914205222,2.91345897465103,2.90713743750143,..
Population growth (annual %),SP.POP.GROW,Myanmar,MMR,1.47144809192371,1.15958132320025,0.767385401214063,0.826303882849825,0.849756952096708,0.822712021785969,0.762033335118121,0.689521233436478,0.633962381430439,0.608482651749138,0.625548337219885,..
Population growth (annual %),SP.POP.GROW,Namibia,NAM,3.32747364124696,1.72619737442919,1.76949238391963,1.7503896870988,1.74907028597998,1.77153651995332,1.80785137184809,1.84629715847982,1.87215433710164,1.88227929401189,1.87248088130699,..
Population growth (annual %),SP.POP.GROW,Nauru,NRU,2.41719696108406,-1.07765884656261,0.518394142664661,2.18340695684415,5.13857115587268,9.10923095078517,5.11456415402191,4.49848608425274,-1.33463890435481,-1.34482089317817,-0.972916513578618,..
Population growth (annual %),SP.POP.GROW,Nepal,NPL,2.46568722655194,1.81727336822346,0.10443136006734,-0.190907924179704,-0.2669598293678,-0.0407990131852367,0.400968921951817,0.906849996341606,1.33361289906716,1.6539802386854,1.83733707688441,..
Population growth (annual %),SP.POP.GROW,Netherlands,NLD,0.688603823438797,0.714770362784392,0.466428782200821,0.370055034770235,0.294820793441482,0.359828172726548,0.443220089035769,0.532178879608489,0.591203366164118,0.583933408920832,0.585724460318329,..
Population growth (annual %),SP.POP.GROW,New Caledonia,NCL,2.36898913568499,1.90137437804069,1.82508537401111,1.81167904307637,1.77944042769409,1.65510642970682,1.60980440018105,1.51200621653298,1.36471861289945,1.31466608833004,1.30803110002856,..
Population growth (annual %),SP.POP.GROW,New Zealand,NZL,0.92322272881111,0.587564086381346,0.762479795105218,0.548220797298334,0.768347998194806,1.51033948544577,1.88904512495193,2.09935688627085,2.12296238197075,0.977703457051805,1.55772774722449,..
Population growth (annual %),SP.POP.GROW,Nicaragua,NIC,2.19174723881499,1.55588306602018,1.34688315004338,1.33755837533169,1.32717818058085,1.31550885257635,1.3020914319441,1.28895567304368,1.27485515697153,1.25535796724705,1.22957367676273,..
Population growth (annual %),SP.POP.GROW,Niger,NER,3.11720761207384,3.60876884966522,3.87636099708268,3.89869447307226,3.9072453381715,3.89988996490931,3.88158148097942,3.86007879547775,3.83915445342991,3.81686919885997,3.79366815330185,..
Population growth (annual %),SP.POP.GROW,Nigeria,NGA,2.57930984857521,2.50384696907061,2.67788382710598,2.68091355548778,2.67690032836617,2.6650191731708,2.64741919950385,2.62770266215666,2.60767638578282,2.58654585214901,2.5648418857943,..
Population growth (annual %),SP.POP.GROW,North Macedonia,MKD,-0.0321554845652009,0.513647493765249,0.0842821154595245,0.0863805936128262,0.0862097059786938,0.0822371239088719,0.0747154964524797,0.068123807192842,0.0601046299859087,0.0461949888093546,0.0240494411584019,..
Population growth (annual %),SP.POP.GROW,Northern Mariana Islands,MNP,4.95554508066137,3.21367485076485,0.0759378827597736,0.552054059376366,0.867139582671742,0.94651398349406,0.855206184512539,0.728782876932043,0.663417067340474,0.564156497878011,0.585463293020077,..
Population growth (annual %),SP.POP.GROW,Norway,NOR,0.344151412835214,0.649044821192665,1.297189390693,1.31344098868985,1.20914158930136,1.12773667734928,0.995084736958414,0.880969815359919,0.807673181884948,0.660090844249,0.675061373245644,..
Population growth (annual %),SP.POP.GROW,Oman,OMN,3.99707953228735,0.577908104639718,6.66667465934917,7.32038056962293,7.34964000681453,6.73901768949687,5.79063130319248,4.84561438636777,4.08395420682502,3.44511796571903,2.96831339383564,..
Population growth (annual %),SP.POP.GROW,Pakistan,PAK,2.95555840703123,2.64739868789172,2.15902890237783,2.1267117557464,2.10363216926499,2.09227627565648,2.08762905540145,2.08432094940616,2.07499708243152,2.05587986968414,2.02921486315548,..
Population growth (annual %),SP.POP.GROW,Palau,PLW,2.34498600907247,1.73706223501409,-1.17648415795863,-0.593473551981458,-0.192929753993082,0.113533163875426,0.221019613363971,0.339079160708277,0.467172211499765,0.554390332143348,0.562440574980858,..
Population growth (annual %),SP.POP.GROW,Panama,PAN,2.10711560183587,1.97062991296688,1.73618524309943,1.71570564378767,1.70428737788513,1.70302970068688,1.70712379559754,1.71362492157999,1.71159119963697,1.69258054975119,1.65178689075561,..
Population growth (annual %),SP.POP.GROW,Papua New Guinea,PNG,2.38639031018841,2.27315002868653,2.18768387618694,2.10296932326983,2.04135905417834,2.01278981957603,2.00628287008464,2.00238259708206,1.99014467240933,1.97476017811245,1.95367908220702,..
Population growth (annual %),SP.POP.GROW,Paraguay,PRY,2.66406471520225,2.02770822437729,1.36635454778458,1.37254449570533,1.3728247643655,1.36159766363688,1.3428584352624,1.32367757556726,1.30731699058995,1.28784451697628,1.26516727108041,..
Population growth (annual %),SP.POP.GROW,Peru,PER,2.09339656909962,1.45287598200945,0.811930736644263,0.825138038811882,0.901475426085886,1.05697286126126,1.25618605307825,1.48316068051553,1.66193424693243,1.71824651729878,1.61615719697585,..
Population growth (annual %),SP.POP.GROW,Philippines,PHL,2.54340410507098,2.15904319962954,1.69181395114085,1.70412685264899,1.6920829575655,1.6466892157105,1.5793674022013,1.50720761638191,1.44549280075599,1.39613428041081,1.36399467911631,..
Population growth (annual %),SP.POP.GROW,Poland,POL,0.392398205207372,-1.04433539837844,0.0537697088781007,-0.000239076003298365,-0.0603600174744649,-0.0748462292920506,-0.0666411009657168,-0.04298513087435,0.0124800985844923,-0.000200132782838419,-0.0102073030655774,..
Population growth (annual %),SP.POP.GROW,Portugal,PRT,-0.217948479672573,0.702859953319024,-0.147084878575482,-0.405421787747567,-0.548815210952228,-0.539190466792077,-0.414141101993213,-0.315459016997883,-0.243889410358812,-0.160104021146769,-0.140172576776066,..
Population growth (annual %),SP.POP.GROW,Puerto Rico,PRI,0.890295757233682,0.276558688867414,-1.15654029293994,-1.20998793422288,-1.14593097838135,-1.6331283312239,-1.75920825815177,-1.93497109034618,-2.4180176217623,-4.0483910336329,0.0106465459574109,..
Population growth (annual %),SP.POP.GROW,Qatar,QAT,3.11080471712139,3.78029753278811,9.23239329624681,7.57474835591006,6.201453324846,5.11495265692046,4.23999629094713,3.39736019100816,2.61582932331185,2.06868446561438,1.79528505056432,..
Population growth (annual %),SP.POP.GROW,Romania,ROU,0.17417662808295,-0.129440039806255,-0.491866212866043,-0.445177936198383,-0.371323062878035,-0.374575497762261,-0.470052227864654,-0.573660845379617,-0.585281876382116,-0.587536174086448,-0.597497124413531,..
Population growth (annual %),SP.POP.GROW,Russian Federation,RUS,0.168018341182166,-0.420614990249978,0.077981777433695,0.168305035277726,0.212950704549247,0.217641566802818,0.192558641823423,0.170244545901098,0.106871954284237,-0.0130668924028892,-0.0722343781903799,..
Population growth (annual %),SP.POP.GROW,Rwanda,RWA,0.163354541759391,5.60495742370345,2.49850339697895,2.45991283247739,2.45190215410779,2.4855336438108,2.54269020713426,2.60235576419092,2.63966474965408,2.6440088912302,2.60765264493972,..
Population growth (annual %),SP.POP.GROW,Samoa,WSM,0.531498465911457,0.485545237558526,0.814105584117979,0.859901675519423,0.857813872423338,0.785509786639024,0.669894192177326,0.526740178015332,0.419096402715414,0.397464519045097,0.491828866926665,..
Population growth (annual %),SP.POP.GROW,San Marino,SMR,1.28490358139635,1.16103635421456,1.37384892618148,1.39261416949921,1.38577490601686,1.20610307728222,0.978564136160819,0.694863224751569,0.497209807351974,0.337998424249194,0.221745970085152,..
Population growth (annual %),SP.POP.GROW,Sao Tome and Principe,STP,2.453324135151,1.6320905396766,2.27636954955887,2.08090570178284,1.93598010582659,1.87724367628196,1.87524949358316,1.88502547968032,1.88250716603422,1.88421735403656,1.89076332349799,..
Population growth (annual %),SP.POP.GROW,Saudi Arabia,SAU,3.55828474231107,2.29738309080615,3.03933244337957,3.09135592234937,3.03136125002084,2.83595492165375,2.55678438864176,2.25976666869923,2.00360007203309,1.79887529985771,1.67311172870933,..
Population growth (annual %),SP.POP.GROW,Senegal,SEN,3.00484703034716,2.36514802226824,2.76667922615095,2.78566041882681,2.79905889934828,2.80670053587632,2.80841559034367,2.80736130621428,2.8006583330572,2.78193167027988,2.74974740844133,..
Population growth (annual %),SP.POP.GROW,Serbia,SRB,0.0659326192540292,-0.319524801286905,-0.789468997859736,-0.485299545092705,-0.486591387059998,-0.469489291237153,-0.494772574469842,-0.523694463062603,-0.532191341024444,-0.546351968633598,-0.540353661727366,..
Population growth (annual %),SP.POP.GROW,Seychelles,SYC,0.490359665520713,0.892658566766174,-2.62865635521684,0.980980190128322,1.84687609296508,1.55539570911507,2.22979505321923,1.33763477950025,1.22403375818123,0.954291917891324,0.887925293341637,..
Population growth (annual %),SP.POP.GROW,Sierra Leone,SLE,1.52362244587134,2.70147275583827,2.2746559416047,2.24991433359247,2.23039216272193,2.20688492215074,2.18162669445746,2.1644412134304,2.1542319550644,2.13664820752458,2.10907525200416,..
Population growth (annual %),SP.POP.GROW,Singapore,SGP,3.88909360745296,1.73204223254257,2.08490245606007,2.45339033031018,1.61930809858875,1.29844017799226,1.18637693749822,1.29743609938602,0.0885954699924263,0.469704298714121,1.14428330688929,..
Population growth (annual %),SP.POP.GROW,Sint Maarten (Dutch part),SXM,..,-1.83437768672749,-1.84029730199093,3.54058281882925,5.52303952564313,2.90226583447676,2.98022317393175,2.90397846114339,1.5023313732953,0.196976475763271,0.194134259307588,..
Population growth (annual %),SP.POP.GROW,Slovak Republic,SVK,0.439617094726275,-0.135376487794425,0.128936462723796,0.170183855326072,0.107458009492367,0.0970454215834878,0.0950338786482762,0.128922329956911,0.155178995687406,0.138508159611326,0.13397129785832,..
Population growth (annual %),SP.POP.GROW,Slovenia,SVN,0.0906243427921073,0.29607496005045,0.207732702329724,0.210024305900448,0.135726228915631,0.0983519219451147,0.075190689011533,0.0731972072415279,0.0651590392490152,0.362584395134764,0.67528080839474,..
Population growth (annual %),SP.POP.GROW,Solomon Islands,SLB,2.79435157781038,2.72023021449767,2.55488553803648,2.65015486873335,2.70923320983755,2.71836657579577,2.69534724121042,2.66981351743832,2.64473090002646,2.61013377594308,2.56538506367278,..
Population growth (annual %),SP.POP.GROW,Somalia,SOM,1.2791894925171,3.65765151618095,2.72266188498611,2.70389931343089,2.70153426462899,2.71747131833683,2.74531814986838,2.77625364862548,2.80476948965157,2.83176765182727,2.85560211622181,..
Population growth (annual %),SP.POP.GROW,South Africa,ZAF,2.39376838817431,1.40902882442672,1.5253140838922,1.58310713698288,1.60575169931034,1.58316828741381,1.5289263067937,1.4648292142325,1.40774075042753,1.35769728766652,1.33861739063304,..
Population growth (annual %),SP.POP.GROW,South Sudan,SSD,-0.344523278472229,4.37729090737291,3.33381064434016,2.83757611735724,2.35872714900465,1.91156250220449,1.51174398345437,1.08459461293809,0.719738421888599,0.595441569950834,0.782224434404954,..
Population growth (annual %),SP.POP.GROW,Spain,ESP,0.101828842607043,0.447137014535835,0.355338396471428,0.0649259625617232,-0.327669039579687,-0.298951059088036,-0.077588861590047,0.0844301500680736,0.234587922968563,0.437982993728698,0.594469675339612,..
Population growth (annual %),SP.POP.GROW,Sri Lanka,LKA,1.27218638532642,0.610655198132411,0.67354720616286,0.128993809968399,0.780301447580142,0.933207942647201,0.91981102654886,1.10498361865849,1.13022048648777,1.04839295829763,0.611875945764341,..
Population growth (annual %),SP.POP.GROW,St. Kitts and Nevis,KNA,-0.233210218084078,1.05126103553775,0.87555026931843,0.883990332068665,0.89214135413764,0.886221973644041,0.839385198969423,0.826587612596456,0.785225661948472,0.769573260355873,0.752340352327407,..
Population growth (annual %),SP.POP.GROW,St. Lucia,LCA,1.63037562153026,1.11253409117809,0.834603805200107,0.625800616958766,0.489611576705747,0.440124484740126,0.464437830878759,0.500070650904245,0.515820623507706,0.514822933775617,0.494134202023454,..
Population growth (annual %),SP.POP.GROW,St. Martin (French part),MAF,9.29588853512513,2.87131257121432,-0.3625317187,-1.17387688713345,-1.5137366714042,-1.20882412532583,-0.436882416809079,0.575617178240042,1.36318806303135,1.9072966556036,1.9611076778355,..
Population growth (annual %),SP.POP.GROW,St. Vincent and the Grenadines,VCT,0.384983347017589,0.0241252286107574,0.0563325667915986,0.109803426010796,0.172305013213465,0.219787382195784,0.263292034546051,0.28452904967632,0.335635056923542,0.348123621752864,0.343298993403754,..
Population growth (annual %),SP.POP.GROW,Sudan,SDN,3.38685201195545,2.4063370071213,2.30261699951746,2.35979954945711,2.39894398236147,2.41211568805284,2.40721227692973,2.39880790446865,2.39521985845548,2.39226526455048,2.39143403307158,..
Population growth (annual %),SP.POP.GROW,Suriname,SUR,2.01614555411751,1.18849148229012,1.13709445497525,1.12782032745196,1.11122257746214,1.08726253313589,1.05321474744821,1.02258948998451,0.989629209249985,0.957016884778029,0.929025561206018,..
Population growth (annual %),SP.POP.GROW,Sweden,SWE,0.772602675661167,0.160575484575313,0.755150133665177,0.739763272434863,0.847348652246305,0.992219728591882,1.05745468551674,1.25645398510305,1.34744505956262,1.16164515996039,1.07758038117856,..
Population growth (annual %),SP.POP.GROW,Switzerland,CHE,1.02687307219521,0.561954617400164,1.11187894263206,1.06181932886789,1.14987975781229,1.22010397343287,1.13833715247736,1.09203117387253,0.933155888738653,0.736633975172522,0.708089212766107,..
Population growth (annual %),SP.POP.GROW,Syrian Arab Republic,SYR,2.98250786085424,2.44801766046869,-1.3172990096967,-3.08473431853188,-4.28911754324049,-4.53656495069144,-3.91335002110306,-3.06627374550422,-2.23595275680349,-0.952015451839186,0.964511740097553,..
Population growth (annual %),SP.POP.GROW,Tajikistan,TJK,2.56759370779919,1.56747671573663,2.23480003645943,2.27753321724737,2.32126639469618,2.36716392815768,2.40864788409714,2.44849024628928,2.47038200852032,2.45346505862171,2.39054628853621,..
Population growth (annual %),SP.POP.GROW,Tanzania,TZA,3.19324800454294,2.46891804226977,2.94803623980046,2.97488816967363,2.99344858145892,3.00210408079214,3.00254050954064,3.00052290646443,2.99538813201206,2.98167411522997,2.95168167328042,..
Population growth (annual %),SP.POP.GROW,Thailand,THA,1.39949674156642,1.04442412963011,0.480063003382418,0.469250686880267,0.453807163254549,0.430842722027053,0.402150717929762,0.373052587125323,0.345238362243297,0.3154482592337,0.283426556156345,..
Population growth (annual %),SP.POP.GROW,Timor-Leste,TLS,2.61906900205822,1.27796757443108,1.77901381606915,1.76689539034119,1.77593764982938,1.80755608911281,1.85365082687029,1.90319498084207,1.94706845283767,1.96810074007246,1.96383558319426,..
Population growth (annual %),SP.POP.GROW,Togo,TGO,2.56948402652958,2.96685799711587,2.67751530695112,2.66084996404247,2.63574468461472,2.60114952364707,2.56094509209806,2.5187418574522,2.47931830191209,2.44590420703926,2.42033520841497,..
Population growth (annual %),SP.POP.GROW,Tonga,TON,0.229570446233186,0.502418493091324,-0.408580752258029,-0.799814248205065,-0.947661183675242,-0.729800671038258,-0.244786033661271,0.348663645507017,0.851672298691286,1.16865776085892,1.24898706310596,..
Population growth (annual %),SP.POP.GROW,Trinidad and Tobago,TTO,0.678646122866305,0.254436375305513,0.602856207325543,0.644464454472863,0.658363989228558,0.636369331864271,0.584484971473061,0.526659470271402,0.47131570180186,0.417170468699778,0.367347659660472,..
Population growth (annual %),SP.POP.GROW,Tunisia,TUN,2.23635999042812,0.980882557197668,0.997672881541683,0.973860812404914,0.972018923057613,1.00154578866498,1.0497530441128,1.10299623015564,1.13907889937654,1.14582776626243,1.11364374282179,..
Population growth (annual %),SP.POP.GROW,Turkey,TUR,1.73839582339111,1.51809700314105,1.53240081692763,1.63295793530935,1.69420258458879,1.70197238629628,1.66605168188057,1.63225064120437,1.5910592088242,1.49044486780679,1.33926035058318,..
Population growth (annual %),SP.POP.GROW,Turkmenistan,TKM,2.69895960087249,1.11327153418058,1.6932375523177,1.796928924058,1.85208328545268,1.84544590041507,1.79414627012707,1.72943299724012,1.66898196025681,1.6064157574868,1.54638921755068,..
Population growth (annual %),SP.POP.GROW,Turks and Caicos Islands,TCA,4.76018687382248,5.60446429108573,2.17159524762909,2.04327794197756,1.93328404533157,1.82030703786557,1.71552910842607,1.5936372559658,1.5093806655235,1.47100807081477,1.38686044820971,..
Population growth (annual %),SP.POP.GROW,Tuvalu,TUV,1.51483792045087,0.5122743326569,0.973404652306504,0.991960220713029,1.09280583736356,1.05365398256418,1.15084410944856,1.12884194584756,1.28348741341266,1.20641379268569,1.19203277256267,..
Population growth (annual %),SP.POP.GROW,Uganda,UGA,3.46690334043053,2.99474457522261,3.18288193144179,3.18166532748952,3.23446450802101,3.35231963073483,3.49608916682811,3.65264430964001,3.74987516893954,3.72138730033183,3.55574052888872,..
Population growth (annual %),SP.POP.GROW,Ukraine,UKR,0.228429531226359,-1.00657902702927,-0.359600092788762,-0.246976481186878,-0.227691350050529,-0.479259791481355,-0.261251888575064,-0.331331574380501,-0.3863475328862,-0.466425620896808,-0.533355282042411,..
Population growth (annual %),SP.POP.GROW,United Arab Emirates,ARE,5.78370137772113,5.51042198628297,4.53634762602081,2.15416315909866,0.614129704394249,0.176677483630174,0.527411540470438,1.05328112883944,1.33938520204812,1.50389675992433,1.43878044485973,..
Population growth (annual %),SP.POP.GROW,United Kingdom,GBR,0.298930554095876,0.357300887421605,0.781506562236639,0.695353132322269,0.669740535540783,0.736463978721671,0.792367505802859,0.757874492811929,0.679374473924223,0.605929132212552,0.561255390388033,..
Population growth (annual %),SP.POP.GROW,United States,USA,1.12965052045579,1.11276899679534,0.720017688665691,0.727268997193117,0.686773155567634,0.727517695817155,0.730641178178307,0.716669413429853,0.631007893230758,0.522337357899676,0.473953539373292,..
Population growth (annual %),SP.POP.GROW,Uruguay,URY,0.677812719158109,0.353785696998478,0.287119696654749,0.297573926873414,0.309230785390311,0.323864956249053,0.339819684032791,0.354674156320409,0.364798682534904,0.367502622828282,0.359859761032412,..
Population growth (annual %),SP.POP.GROW,Uzbekistan,UZB,2.92827520972574,1.38374682096563,2.68401550537804,1.47209998811321,1.56190433294848,1.68690035915161,1.74425837484667,1.73884926199094,1.68350632535532,1.73698637655233,1.87736354244626,..
Population growth (annual %),SP.POP.GROW,Vanuatu,VUT,2.61205656494622,2.02444133410339,2.69069658796264,2.78224679062081,2.81999347772124,2.78699287610748,2.7073639949389,2.62090494079427,2.54695946892335,2.48028072634676,2.43092019311926,..
Population growth (annual %),SP.POP.GROW,"Venezuela, RB",VEN,2.40323102755693,1.88857440715179,1.56445621353562,1.62775557106701,1.42403196857936,0.874378499265389,0.122058400174847,-0.786447680950899,-1.53884283128309,-1.78586485636739,-1.23504114644487,..
Population growth (annual %),SP.POP.GROW,Vietnam,VNM,2.13868366545311,1.10043444707364,1.02230479554791,1.04204772234833,1.05340615641098,1.05347955368319,1.0439622746027,1.03228662254587,1.01779627244618,0.99271637481877,0.960110493934853,..
Population growth (annual %),SP.POP.GROW,Virgin Islands (U.S.),VIR,2.85086915459893,0.0395873712251061,-0.0609277655589285,-0.0933098740577038,-0.135963209143153,-0.148197574453849,-0.161414545654573,-0.185856386554205,-0.225349060342092,-0.27165178086032,-0.323958187523532,..
Population growth (annual %),SP.POP.GROW,West Bank and Gaza,PSE,..,2.55523569844846,2.52518683079236,2.46768715003228,2.40084831983677,2.3440772109436,2.29048005844149,2.24610527580178,1.98868634871278,2.5330114844554,2.51178246264674,..
Population growth (annual %),SP.POP.GROW,"Yemen, Rep.",YEM,4.5495608021256,2.8427189985995,2.7799875626716,2.75733889426144,2.71651973042117,2.65414095594631,2.57807202420529,2.49824703392801,2.42402510811024,2.35702251757589,2.30058011389449,..
Population growth (annual %),SP.POP.GROW,Zambia,ZMB,2.7325824194071,2.67943870312466,3.02029057828843,3.10277016588473,3.13981213087978,3.1213045608998,3.06687453847381,3.00334567903779,2.95158327478263,2.91280100356014,2.89237292696711,..
Population growth (annual %),SP.POP.GROW,Zimbabwe,ZWE,2.70652200828395,0.495761344074177,1.53639080596533,1.69800077206632,1.77764493257099,1.7546923484321,1.66381285051873,1.54975881577614,1.46006070897861,1.41078272176006,1.41968104561509,..
Population growth (annual %),SP.POP.GROW,Arab World,ARB,3.67835016041846,2.15283997088547,2.32992195368502,2.2813287776281,2.22434070176483,2.16010179272597,2.09341810335127,2.01908738446197,1.94902370199466,1.91591254949664,1.9246927332871,..
Population growth (annual %),SP.POP.GROW,Caribbean small states,CSS,0.707858116663033,0.69583591443984,0.70532937837973,0.716010811149488,0.716448872637883,0.703448792861437,0.679785241171544,0.653249159605807,0.627302034491223,0.601122134751876,0.576508250216961,..
Population growth (annual %),SP.POP.GROW,Central Europe and the Baltics,CEB,-0.0528078826270075,-0.562187468913606,-0.23693312734882,-0.229154983893395,-0.213201830007392,-0.209757192601487,-0.230243282701295,-0.255290913083385,-0.248193399637202,-0.196252329685493,-0.154526619486703,..
Population growth (annual %),SP.POP.GROW,Early-demographic dividend,EAR,2.36273718091007,1.82189565963333,1.496333608443,1.45471933530601,1.42758309326551,1.40256512645378,1.378323737362,1.35259079812326,1.32645334364219,1.30610419831987,1.29458341125914,..
Population growth (annual %),SP.POP.GROW,East Asia & Pacific,EAS,1.50594248600784,0.936082736555505,0.670106893635221,0.681735892279846,0.680784794799408,0.685390764830387,0.678000088767178,0.684682352155065,0.679211012619632,0.606731207637637,0.536489917948018,..
Population growth (annual %),SP.POP.GROW,East Asia & Pacific (excluding high income),EAP,1.61562179313984,0.990541105867976,0.716258001081201,0.725011708615185,0.728547776175176,0.730554840366551,0.721120394447297,0.731716166627351,0.73249983684947,0.652581296824039,0.578195471892599,..
Population growth (annual %),SP.POP.GROW,East Asia & Pacific (IDA & IBRD countries),TEA,1.617109395406,0.992078164532487,0.718918349757686,0.727674661060888,0.731213772215852,0.733326898977452,0.723894721670518,0.734759217599205,0.735624058662538,0.654850956051334,0.579735336153078,..
Population growth (annual %),SP.POP.GROW,Euro area,EMU,0.45991707810586,0.328450827305346,-0.217710182973789,0.220485298173202,0.339993378256366,0.343937661606049,0.303182433163855,0.292608836862101,0.200258602404475,0.19918860217669,0.220727543247932,..
Population growth (annual %),SP.POP.GROW,Europe & Central Asia,ECS,0.487422611936509,0.111507795260522,0.251809715579938,0.407334072249938,0.477940063149745,0.483976347533385,0.476569981935953,0.462921326762384,0.404071113656428,0.364881975747906,0.350516855686351,..
Population growth (annual %),SP.POP.GROW,Europe & Central Asia (excluding high income),ECA,0.629797738034128,0.0325816706805711,0.616488218191961,0.616754171020901,0.674234288700475,0.667906245764442,0.679682581275102,0.659707800552539,0.615781815770106,0.542740286719678,0.495547945499752,..
Population growth (annual %),SP.POP.GROW,Europe & Central Asia (IDA & IBRD countries),TEC,0.579130480466944,-0.0816190105696819,0.507611286832301,0.50649568363832,0.555145246009275,0.54799517380259,0.551641207578115,0.534131114213793,0.496829472161565,0.436321808299425,0.398557755302491,..
Population growth (annual %),SP.POP.GROW,European Union,EUU,0.335221423726793,0.119662420872473,-0.177888639350897,0.147240034608885,0.243214520608674,0.250230145256737,0.218022290320533,0.212345574735636,0.144458524792412,0.144890089334766,0.164369896792053,..
Population growth (annual %),SP.POP.GROW,Fragile and conflict affected situations,FCS,3.12294251084336,2.44215037353102,2.48131497256416,2.47671464598824,2.45165369727103,2.40076480805209,2.33771332063182,2.26986625442808,2.21865407819264,2.21190133298843,2.26414858148378,..
Population growth (annual %),SP.POP.GROW,Heavily indebted poor countries (HIPC),HPC,2.9543832946184,2.7923953508469,2.83585981123564,2.84652693202143,2.85051006857874,2.84586547858554,2.83415894611521,2.82106062768584,2.80597571095127,2.78329756962958,2.75220226573806,..
Population growth (annual %),SP.POP.GROW,High income,HIC,0.7663104442057,0.608660328789213,0.457309515390577,0.572453083057752,0.575761032071071,0.58749849184025,0.568071318241991,0.560928827056031,0.490446167039281,0.447716982661461,0.433730992349538,..
Population growth (annual %),SP.POP.GROW,IBRD only,IBD,1.69412587714315,1.18604281701123,0.993751995879293,0.993836306789348,0.991341208537946,0.977555285805323,0.95730040749693,0.943815563576862,0.924333780661172,0.867516957691421,0.815921905434152,..
Population growth (annual %),SP.POP.GROW,IDA & IBRD total,IBT,1.90242163627556,1.45524579146168,1.30383721105565,1.29566035244191,1.29404088103249,1.28648380949696,1.27574678578399,1.27042294940942,1.25969899228899,1.22133435273859,1.18856930723268,..
Population growth (annual %),SP.POP.GROW,IDA blend,IDB,2.87297141831387,2.46172487750459,2.45993745741171,2.36875641516086,2.36026376400235,2.35308035577637,2.34050570573237,2.32287319482414,2.30038190213386,2.28220119101464,2.26855633979939,..
Population growth (annual %),SP.POP.GROW,IDA only,IDX,2.73293989125591,2.46417591640511,2.23370650216978,2.20792501951802,2.19583474424961,2.19952396698208,2.21572504805803,2.23517925264719,2.25067771722529,2.26457037725336,2.28339786815268,..
Population growth (annual %),SP.POP.GROW,IDA total,IDA,2.77969370570827,2.46335710880061,2.30927158203681,2.26172461879808,2.25089535098482,2.25099876983661,2.25759547899318,2.26462901105764,2.2673790980259,2.27049651727798,2.27840870302106,..
Population growth (annual %),SP.POP.GROW,Late-demographic dividend,LTE,1.38349599434906,0.764301954080324,0.596164672022041,0.597196322427777,0.605632400953397,0.611184531701852,0.606186991021062,0.623114425920818,0.624440565473378,0.541059533028502,0.464396501447538,..
Population growth (annual %),SP.POP.GROW,Latin America & Caribbean,LCN,1.87824121426317,1.46809807927499,1.11978868689452,1.09929156766384,1.07811365101342,1.0503436219319,1.02270792691164,0.994284787384814,0.965097647733046,0.931854101961633,0.931143584261207,..
Population growth (annual %),SP.POP.GROW,Latin America & Caribbean (excluding high income),LAC,1.90622338949498,1.49595261519009,1.14120192484826,1.1206401020527,1.09694701262617,1.06789011759285,1.03540855497594,1.00142991624237,0.970053564351403,0.944512107488833,0.92870230241509,..
Population growth (annual %),SP.POP.GROW,Latin America & the Caribbean (IDA & IBRD countries),TLA,1.91226390812531,1.50360248435616,1.15516290039625,1.13230962448081,1.1087271769957,1.08305367744124,1.05585768175783,1.02833189043578,1.00162911425438,0.97628755911137,0.954655239995844,..
Population growth (annual %),SP.POP.GROW,Least developed countries: UN classification,LDC,2.73386794206144,2.52229040836865,2.37353828498814,2.38158672170101,2.3866272388928,2.38683261259951,2.38297289722863,2.37798472920225,2.37192906500037,2.36195486563658,2.34992348107012,..
Population growth (annual %),SP.POP.GROW,Low & middle income,LMY,1.97291707866252,1.48141400576711,1.31641093483618,1.30832326357246,1.30662541864115,1.29868669414736,1.28769722598238,1.2816223206726,1.27004948193814,1.23147015494986,1.1986547170697,..
Population growth (annual %),SP.POP.GROW,Low income,LIC,2.83729545467625,2.77750061157835,2.6364170579007,2.58025612140483,2.54732148927484,2.54385080934618,2.56043515125026,2.57715680110566,2.5882913527376,2.60412431386771,2.62961040524759,..
Population growth (annual %),SP.POP.GROW,Lower middle income,LMC,2.37724577535789,1.84178816178265,1.58155650244562,1.54570758209731,1.53346968579413,1.5138506882644,1.50049118026094,1.48349401113175,1.46379454460239,1.44557807996233,1.42618221261569,..
Population growth (annual %),SP.POP.GROW,Middle East & North Africa,MEA,3.56967311646083,1.90347790665233,2.07988312829843,2.03827987182572,1.9910861497314,1.94019471372835,1.88775313938989,1.82608277636909,1.76606316674777,1.73544138975383,1.73629247978811,..
Population growth (annual %),SP.POP.GROW,Middle East & North Africa (excluding high income),MNA,3.59094270672638,1.79682938764884,1.81411817874017,1.82672122709207,1.82466981130065,1.80420198118702,1.77224503459286,1.73113578645598,1.69340875276434,1.6863669426656,1.71335264654857,..
Population growth (annual %),SP.POP.GROW,Middle East & North Africa (IDA & IBRD countries),TMN,2.685217225239,1.78852720651174,1.80556490271913,1.81893436754103,1.817606326846,1.79753825562305,1.76581406428156,1.72472084090533,1.68964707006836,1.67584329626051,1.70332577455856,..
Population growth (annual %),SP.POP.GROW,Middle income,MIC,1.90709747577496,1.37003123156683,1.18184396641492,1.17679302666218,1.17654566909839,1.166369782771,1.15060867047994,1.14013336361151,1.12403504221408,1.07722723406924,1.03543155226279,..
Population growth (annual %),SP.POP.GROW,North America,NAC,1.17409729462814,1.1009288191018,0.748150627144355,0.765764289006114,0.726215520891088,0.758073230101104,0.734793862925869,0.76094804372579,0.689856611866603,0.61296945367539,0.572694995117587,..
Population growth (annual %),SP.POP.GROW,Not classified,INX,..,..,..,..,..,..,..,..,..,..,..,..
Population growth (annual %),SP.POP.GROW,OECD members,OED,0.876838975423965,0.714595860491201,0.507652313994768,0.619063725927063,0.640827163464607,0.666260480095147,0.657399099188254,0.664473377282306,0.615492412944391,0.578037009053105,0.540985790813167,..
Population growth (annual %),SP.POP.GROW,Other small states,OSS,2.34407361820979,1.8352067546966,2.29174054435344,2.17411372772148,2.08348093324943,2.05009283279718,2.06053642575326,2.05192817722862,2.05098832784714,2.027977896301,1.9512089822791,..
Population growth (annual %),SP.POP.GROW,Pacific island small states,PSS,1.39950578923209,1.15773673293498,1.23182505997916,1.2003757698062,1.20742731105106,1.26453496601413,1.31329952312467,1.38537962840329,1.41434916030477,1.45663696499629,1.47837095557971,..
Population growth (annual %),SP.POP.GROW,Post-demographic dividend,PST,0.637096161717722,0.500617118094794,0.274477605772631,0.418630791334778,0.437638172257593,0.453698631530202,0.445418529317166,0.442623646994676,0.368205926123792,0.331883364825273,0.313038865175869,..
Population growth (annual %),SP.POP.GROW,Pre-demographic dividend,PRE,2.88565906730163,2.77852750395087,2.93194993705784,2.95306141492129,2.95556046567434,2.93498324279912,2.89903861057769,2.85950964320649,2.82418333005316,2.79176218538421,2.76430231447951,..
Population growth (annual %),SP.POP.GROW,Small states,SST,1.8843301664415,1.53521711526795,1.91120507231591,1.82820628344622,1.76473654181962,1.74385579158871,1.7530549886871,1.74897714566973,1.74819137200832,1.73160060284003,1.67325766792908,..
Population growth (annual %),SP.POP.GROW,South Asia,SAS,2.2361990857884,1.89573979940431,1.38769685469001,1.33687980456946,1.30808953479848,1.28205389459863,1.26045291909311,1.24327848389325,1.22339743381674,1.20218138817778,1.17879908981622,..
Population growth (annual %),SP.POP.GROW,South Asia (IDA & IBRD),TSA,2.2361990857884,1.89573979940431,1.38769685469001,1.33687980456946,1.30808953479848,1.28205389459863,1.26045291909311,1.24327848389325,1.22339743381674,1.20218138817778,1.17879908981622,..
Population growth (annual %),SP.POP.GROW,Sub-Saharan Africa,SSF,2.83493146350737,2.65051448502105,2.76413947470004,2.76366460926948,2.75834728026459,2.74841868763997,2.73475652504038,2.71915540408909,2.70184977037187,2.68083126790228,2.65707175729588,..
Population growth (annual %),SP.POP.GROW,Sub-Saharan Africa (excluding high income),SSA,2.83976839818094,2.65375380164126,2.76844624164363,2.76733048233714,2.76191132476835,2.75196275648666,2.73819293094479,2.72265065749451,2.7052174003298,2.68415532924271,2.66031426848285,..
Population growth (annual %),SP.POP.GROW,Sub-Saharan Africa (IDA & IBRD countries),TSS,2.83493146350737,2.65051448502105,2.76413947470004,2.76366460926948,2.75834728026459,2.74841868763997,2.73475652504038,2.71915540408909,2.70184977037187,2.68083126790228,2.65707175729588,..
Population growth (annual %),SP.POP.GROW,Upper middle income,UMC,1.53006732269635,0.959412608765021,0.79938781812514,0.821066184579493,0.829907084644944,0.826547435114662,0.806105176886504,0.79972264598436,0.784909585304263,0.707087216700387,0.639903603962949,..
Population growth (annual %),SP.POP.GROW,World,WLD,1.73563664054934,1.32307345733864,1.17003964599544,1.18383102189125,1.18372713790097,1.17981561493453,1.16811997184625,1.1625779593551,1.14204024961973,1.1036085969284,1.07467454773453,..
,,,,,,,,,,,,,,,
,,,,,,,,,,,,,,,
,,,,,,,,,,,,,,,
Data from database: World Development Indicators,,,,,,,,,,,,,,,
Last Updated: 12/14/2020,,,,,,,,,,,,,,,
